{
  "project_info": {
    "project_number": "537053467187",
    "project_id": "assn-a0d53",
    "storage_bucket": "assn-a0d53.appspot.com"
  },
  "client": [
    {
      "client_info": {
        "mobilesdk_app_id": "1:537053467187:android:09a71bc257250969a10946",
        "android_client_info": {
          "package_name": "com.example.all_star"
        }
      },
      "oauth_client": [
        {
          "client_id": "537053467187-0acu2c6i63n7je0lps8lujss0d0qj42b.apps.googleusercontent.com",
          "client_type": 1,
          "android_info": {
            "package_name": "com.example.all_star",
            "certificate_hash": "ddf668cc93b23ea5c25f55a47987b9deeda1bbc5"
          }
        },
        {
          "client_id": "537053467187-u29e4p2kub5o60pc03o59gf8uikmgah1.apps.googleusercontent.com",
          "client_type": 3
        }
      ],
      "api_key": [
        {
          "current_key": "AIzaSyCRy9uC9me-smzDzfTXvLPRz7vdgWBlPTs"
        }
      ],
      "services": {
        "appinvite_service": {
          "other_platform_oauth_client": [
            {
              "client_id": "537053467187-u29e4p2kub5o60pc03o59gf8uikmgah1.apps.googleusercontent.com",
              "client_type": 3
            }
          ]
        }
      }
    }
  ],
  "configuration_version": "1"
}